KEY,CATEGORY
BAKED GOODS,Breads & Baked Goods
BREAD,Breads & Baked Goods
BAKING SUPPLIES,Flours & Baking Needs
SNACKS,Snacks
PIZZA,Prepared Foods
ENTREES,Prepared Foods
ETHNIC,Prepared Foods
CHOCOLATE & COCOA,Chocolate & Sweets
PROTEIN - BEEF,Meat & Poultry
BAKING MIXES,Flours & Baking Needs
BAR SUPPLIES AND MIXES,Packaging & Supplies
CONDIMENTS,"Condiments, Sauces & Sweeteners"
SYRUPS,Syrup
BASES,Stocks & Bases
SAUCES,Sauces
BATTER AND BREADING,Flours & Baking Needs
STUFFING,Prepared Foods
DAIRY,"Dairy, Cheese & Eggs"
EGGS,Eggs
VEGETARIAN,Prepared Foods
GRAINS AND LEGUMES,"Pasta, Rice, Grains & Dried Beans"
CEREALS,Cereal
POLENTA,Polenta
CHEESE,Cheese
PROTEIN - DELI MEATS,Meat & Poultry
NON COMMISSION,Miscellaneous
COFFEE  TEA  AND COCOA,Beverages
BEVERAGES,Beverages
CAPERS,Specialty Products
CREAMER,Beverages
DESSERTS,Breads & Baked Goods
SALAD DRESSINGS,Salad Dressing
MAYONNAISE,Mayonnaise
APPETIZERS,Prepared Foods
PROTEIN - HOT DOGS,Meat & Poultry
PASTA,Pasta
TORTILLA,Breads & Baked Goods
PROTEIN - SEAFOOD,Fish & Seafood
VEGETABLES,Vegetables
SPICES,Spices & Seasonings
TOMATOES,Tomatoes
HEALTHCARE,Healthcare
TOPPINGS,Chocolate & Sweets
FRUIT,Fruits
PORTION PACKS,Portion Packs
JAMS  JELLY  AND PRESERV,Jams & Jellies
NUT BUTTERS,Nut Butters
PROTEIN - PORK,Meat & Poultry
PROTEIN - TURKEY,Meat & Poultry
PROTEIN - EXOTIC MEATS,Meat & Poultry
PROTEIN - GYRO,Meat & Poultry
PROTEIN - PHILLY SANDWIC,Meat & Poultry
PROTEIN - VEAL,Meat & Poultry
PROTEIN - MEATBALLS,Meat & Poultry
PROTEIN - LAMB,Meat & Poultry
PROTEIN - SAUSAGE,Meat & Poultry
DISTILLED WATER,Beverages
SALADS,Prepared Foods
NUTS,Nuts
SHORTENING AND OILS,Flours & Baking Needs
OLIVES,Specialty Products
PROTEIN - CHICKEN,Meat & Poultry
PROTEIN - GAME HENS,Meat & Poultry
PROTEIN - DUCK,Meat & Poultry
SOUPS,Prepared Foods
VINEGAR,Vinegars
FRESH PRODUCE,Vegetables
CUPS,Packaging & Supplies
GUEST CHECKS,Packaging & Supplies
DINING ROOM SUPPLIES,Packaging & Supplies
CONTAINERS,Packaging & Supplies
TRAYS,Packaging & Supplies
LIDS,Packaging & Supplies
FOOD WRAPS,Packaging & Supplies
ENVIRONMENTALLY FRIENDLY,Packaging & Supplies
FOOD PANS,Packaging & Supplies
APPAREL,Clothing
FOOD SAFETY,Packaging & Supplies
KITCHEN SUPPLIES,Packaging & Supplies
BAGS,Packaging & Supplies
CAN LINERS,Packaging & Supplies
BACK OFFICE SUPPLIES,Packaging & Supplies
CORRUGATED CIRCLES,Packaging & Supplies
PAN LINERS,Packaging & Supplies
BOXES,Packaging & Supplies
SUNDAE DISH,Packaging & Supplies
BOWLS,Packaging & Supplies
PLATES,Packaging & Supplies
RESTROOM SUPPLIES,Packaging & Supplies
MOPS AND HANDLES,Packaging & Supplies
BROOMS,Packaging & Supplies
BRUSHES,Packaging & Supplies
DUST PANS,Packaging & Supplies
DUST MOPS AND HANDLES,Packaging & Supplies
WASTE RECEPTACLES,Packaging & Supplies
CHEMICAL-DISPENSED,Packaging & Supplies
SCOURING PADS,Packaging & Supplies
GRILL PADS,Packaging & Supplies
BUCKETS,Packaging & Supplies
SIGNS,Packaging & Supplies
PLUNGER,Packaging & Supplies
SQUEEGEES,Packaging & Supplies
JAVA JACKETS,Packaging & Supplies
BEVERAGE CARRIERS,Packaging & Supplies
CUTLERY,Packaging & Supplies
PICKS,Packaging & Supplies
SKEWERS,Packaging & Supplies
MARKERS,Packaging & Supplies
STIR STICKS,Packaging & Supplies
DOILIES,Packaging & Supplies
DISPENSERS,Packaging & Supplies
SPRAY BOTTLE,Packaging & Supplies
FILTERS,Packaging & Supplies
DEODORIZER,Packaging & Supplies
LEMON WRAPS,Packaging & Supplies
MATCH BOOKS,Packaging & Supplies
NAPKINS,Packaging & Supplies
COASTERS,Packaging & Supplies
PLACEMATS,Packaging & Supplies
FUEL,Packaging & Supplies
PASTRY CLOTH,Packaging & Supplies
LIGHT BULBS,Packaging & Supplies
CHEMICAL-NONDISPENSED,Packaging & Supplies
TWINE,Packaging & Supplies
STRAWS,Packaging & Supplies
TABLECOVER,Packaging & Supplies
WIPES,Packaging & Supplies
TOWELETTES,Packaging & Supplies
PLATTERS,Packaging & Supplies
MASKING TAPE,Packaging & Supplies
CHINA,Packaging & Supplies
GLASSWARE,Packaging & Supplies
SERVERS,Packaging & Supplies
TEXTILES,Packaging & Supplies
BAR SUPPLIES,Packaging & Supplies
BASKETS,Packaging & Supplies
BELL,Packaging & Supplies
STORAGE,Packaging & Supplies
CARTS,Packaging & Supplies
POTS AND PANS,Packaging & Supplies
PIZZA SUPPLIES,Packaging & Supplies
EQUIPMENT,Packaging & Supplies
MANDOLINES,Packaging & Supplies
FLATWARE,Packaging & Supplies
DROPSHIP,Packaging & Supplies
RACKS,Packaging & Supplies
TABLE SKIRT CLIPS,Packaging & Supplies
VALVES,Packaging & Supplies
PARTS,Packaging & Supplies
HOSES,Packaging & Supplies
WAREWASHING,Packaging & Supplies
SHAKERS,Packaging & Supplies
GRILL SCRAPERS,Packaging & Supplies
SQUEEZE BOTTLES,Packaging & Supplies
SWEEPERS,Packaging & Supplies
CHEMICAL-GREEN NON-DISP,Packaging & Supplies
CHEMICAL-GREEN DISPENSE,Packaging & Supplies